Legal Entity,Trading Name / Service,Service Type,CQC Regulated?,CQC Location ID / Note,Phone,Postcode,Client Status,Conflict Of Interest Note
Palmgrange Limited,Clairleigh Nursing Home,Nursing Home,Yes,1-106338834 https://www.cqc.org.uk/location/1-106338834,02084601527,BR1 3AS,Lead,
Mission Care Management,Elmwood,Nursing Home,Yes,1-21881252805 https://www.cqc.org.uk/location/1-21881252805,02082491904,BR1 2EN,Lead,
Lorven Housing Ltd,Florence Nursing Home,Nursing Home,Yes,1-2501426602 https://www.cqc.org.uk/location/1-2501426602,02084605695,BR1 4EG,Lead,
Mission Care Management,Greenhill,Nursing Home,Yes,1-21881252929 https://www.cqc.org.uk/location/1-21881252929,02082909130,BR1 3SJ,Lead,
Mission Care Management,Homefield,Nursing Home,Yes,1-21881097159 https://www.cqc.org.uk/location/1-21881097159,02082897932,BR1 2EF,Lead,
KYN Bickley Ltd,KYN Bickley,Nursing Home,Yes,1-14863445898 https://www.cqc.org.uk/location/1-14863445898,0205309700,BR1 2AZ,Lead,
Park Avenue Healthcare Limited,Park Avenue Care Home,Nursing Home,Yes,1-122198058 https://www.cqc.org.uk/location/1-122198058,02084665267,BR1 4EW,Lead,
Leonard Cheshire Disability,St Cecilia's - Care Home with Nursing Physical Disabilities,Nursing Home,Yes,1-120088056 https://www.cqc.org.uk/location/1-120088056,02084608377,BR1 2PZ,Lead,
Aria Healthcare Group LTD,Sundridge Court Nursing Home,Nursing Home,Yes,1-912281599 https://www.cqc.org.uk/location/1-912281599,02084666553,BR1 3NG,Lead,
Care UK Care Services Limited,Sundridge Court Nursing Home,Nursing Home,Yes,1-26105206171 https://www.cqc.org.uk/location/1-26105206171,02084666553,BR1 3NG,Lead,
Agincare Enable Limited,118 Widmore Road,Residential Care,Yes,1-25565901147 https://www.cqc.org.uk/location/1-25565901147,01305825500,BR1 3BE,Lead,
Cedarmore Housing Association Limited,Beechmore Court,Residential Care,Yes,1-108969188 https://www.cqc.org.uk/location/1-108969188,02084687778,BR1 2EG,Lead,
Nightingale Retirement Care Limited,Nettlestead Care Home,Residential Care,Yes,1-111375413 https://www.cqc.org.uk/location/1-111375413,02084602279,BR1 2PU,Lead,
High View Care Services Limited,No 66 - High View Care Services,Residential Care,Yes,1-6372060237 https://www.cqc.org.uk/location/1-6372060237,02030267800,BR1 3JE,Lead,
Greensleeves Homes Trust,Queen Elizabeth House,Residential Care,Yes,1-121567230 https://www.cqc.org.uk/location/1-121567230,02084673994,BR1 2EE,Lead,
Leonard Cheshire Disability,Springfield - Care Home Physical Disabilities,Residential Care,Yes,1-120087412 https://www.cqc.org.uk/location/1-120087412,02084668158,BR1 3HZ,Lead,
The Heathers Residential Care Home Limited,The Heathers Residential Care Home,Residential Care,Yes,1-121650185 https://www.cqc.org.uk/location/1-121650185,02084606555,BR1 4BL,Lead,
Billioncare Ltd,Billioncare Ltd,Domiciliary Care,Yes,1-17596327681 https://www.cqc.org.uk/location/1-17596327681,02086980222,BR1 1LU,Lead,
London Borough of Bromley,Bromley Civic Centre,Domiciliary Care,Yes,1-22765195923 https://www.cqc.org.uk/location/1-22765195923,02084617321,BR1 1AS,Lead,
Calabs Services Limited,Calabs Services Limited,Domiciliary Care,Yes,1-18224065205 https://www.cqc.org.uk/location/1-18224065205,07944985279,BR1 1LU,Lead,
James Sanderson Limited,Caremark (Bromley),Domiciliary Care,Yes,1-253641853 https://www.cqc.org.uk/location/1-253641853,01689825305,BR1 2SR,Lead,
Eleanor Nursing and Social Care Limited,Eleanor Nursing and Social care LTD- Bromley office,Domiciliary Care,Yes,1-21683851155 https://www.cqc.org.uk/location/1-21683851155,02086902406,BR1 1SD,Lead,
Elite Careplus Ltd,Elite Careplus Ltd - Bromley,Domiciliary Care,Yes,1-2598387861 https://www.cqc.org.uk/location/1-2598387861,07496641109,BR1 1QU,Lead,
Fabs Domiciliary Homecare Ltd,Fabs Domiciliary Homecare Ltd,Domiciliary Care,Yes,1-5599327848 https://www.cqc.org.uk/location/1-5599327848,02088527958,BR1 5AA,Lead,
Femman Care Services Ltd,Femman Care Services Ltd,Domiciliary Care,Yes,1-21684518333 https://www.cqc.org.uk/location/1-21684518333,02046195666,BR1 1LU,Lead,
Gosbloom Limited,Gosbloom Limited,Domiciliary Care,Yes,1-19678577808 https://www.cqc.org.uk/location/1-19678577808,02080512728,BR1 1LU,Lead,
Agincare Enable Limited,London & South East Domiciliary Care Branch (Mental Health),Domiciliary Care,Yes,1-25600049985 https://www.cqc.org.uk/location/1-25600049985,01305825500,BR1 1LT,Lead,
Meggie Care Recruitment Limited,Meggie Care Recruitment Limited,Domiciliary Care,Yes,1-17192376059 https://www.cqc.org.uk/location/1-17192376059,,BR1 3RG,Lead,
Nightingale Retirement Care Limited,Nightingale Home Care,Domiciliary Care,Yes,1-111375442 https://www.cqc.org.uk/location/1-111375442,02084669664,BR1 2PU,Lead,
Plum Care Ltd,Plum Care Ltd,Domiciliary Care,Yes,1-5300464641 https://www.cqc.org.uk/location/1-5300464641,02039152448,BR1 1QU,Lead,
Redpanda Care Limited,RedPanda Care Main Office,Domiciliary Care,Yes,1-10887924151 https://www.cqc.org.uk/location/1-10887924151,02071014971,BR1 1LU,Lead,
AA Nursing Care Limited,Regus,Domiciliary Care,Yes,1-2817026518 https://www.cqc.org.uk/location/1-2817026518,02070787383,BR1 1LU,Lead,
River Garden Care Ltd,River Garden Care,Domiciliary Care,Yes,1-1865507935 https://www.cqc.org.uk/location/1-1865507935,02084609571,BR1 1LT,Lead,
Robins Care Ltd,Robins Care Ltd,Domiciliary Care,Yes,1-13747953957 https://www.cqc.org.uk/location/1-13747953957,02080589505,BR1 1LU,Lead,
Rooted Health and Social Care Ltd,Rooted Homecare,Domiciliary Care,Yes,1-16371917836 https://www.cqc.org.uk/location/1-16371917836,,BR1 1LU,Lead,
Homesdale Supported Living Ltd,STC House,Domiciliary Care,Yes,1-29373241322 https://www.cqc.org.uk/location/1-29373241322,,BR1 1LT,Lead,
Sanctuary Home Care Limited,Sanctuary Supported Living (Bromley Care Services),Domiciliary Care,Yes,1-7020387845 https://www.cqc.org.uk/location/1-7020387845,02084668177,BR1 3HJ,Lead,
TMSG Limited,TUcare,Domiciliary Care,Yes,1-5537977391 https://www.cqc.org.uk/location/1-5537977391,02083252285,BR1 3AX,Lead,
Wellledhealthcare Ltd,WellledHealthCare  Ltd,Domiciliary Care,Yes,1-22152491026 https://www.cqc.org.uk/location/1-22152491026,07961728337,BR1 1LU,Lead,
Enriched Lives Limited,Enriched Lives Limited - Main Office,Supported Living,Yes,1-18392555751 https://www.cqc.org.uk/location/1-18392555751,,BR1 1RJ,Lead,
Chislehurst Care Limited,Ashglade,Residential Care,Yes,1-127080331 https://www.cqc.org.uk/location/1-127080331,02084670640,BR2 8AL,Lead,
Barchester Healthcare Homes Limited,Pittsmead Grange Care Home,Residential Care,Yes,1-19833213205 https://www.cqc.org.uk/location/1-19833213205,02081947850,BR2 7BX,Lead,
Scarborough Hall Limited,Pittsmead Grange Care Home,Residential Care,Yes,1-26845090181 https://www.cqc.org.uk/location/1-26845090181,02081947850,BR2 7BX,Lead,
Totem Care Limited,Tanglewood,Residential Care,Yes,1-151774304 https://www.cqc.org.uk/location/1-151774304,01689850642,BR2 6DQ,Lead,
Abacus Homecare (Bromley) Limited,Abacus Homecare (Bromley) Ltd,Domiciliary Care,Yes,1-1195626726 https://www.cqc.org.uk/location/1-1195626726,07956829738,BR2 8DU,Lead,
Aegys Smart Care Ltd,Aegys Homecare Bromley/Kent,Domiciliary Care,Yes,1-27841917065 https://www.cqc.org.uk/location/1-27841917065,02037474733,BR2 8AR,Lead,
Always Caring Bromley Ltd,Always Caring Bromley Limited,Domiciliary Care,Yes,1-266779859 https://www.cqc.org.uk/location/1-266779859,02084666133,BR2 9BE,Lead,
BenJeMax Limited,Bluebird Care Bromley,Domiciliary Care,Yes,1-2246993108 https://www.cqc.org.uk/location/1-2246993108,02083150235,BR2 9QQ,Lead,
Bright Sky Care Ltd,Bright Sky Care,Domiciliary Care,Yes,1-22792293331 https://www.cqc.org.uk/location/1-22792293331,,BR2 9LE,Lead,
Translucence Care Ltd,Bromley,Domiciliary Care,Yes,1-3915276101 https://www.cqc.org.uk/location/1-3915276101,,BR2 8EP,Lead,
Caremax Ltd,Caremax Ltd,Domiciliary Care,Yes,1-6388358420 https://www.cqc.org.uk/location/1-6388358420,03301330577,BR2 8GP,Lead,
Creative Support Limited,Creative Support - Regency Court,Domiciliary Care,Yes,1-4116308774 https://www.cqc.org.uk/location/1-4116308774,02084603142,BR2 9GL,Lead,
Homesdale Supported Living Ltd,Homesdale Supported Living,Domiciliary Care,Yes,1-11296003795 https://www.cqc.org.uk/location/1-11296003795,02082492902,BR2 9LD,Lead,
Kentish Homecare Agency Limited,Kentish Homecare,Domiciliary Care,Yes,1-118876341 https://www.cqc.org.uk/location/1-118876341,07956379769,BR2 9NN,Lead,
Mackley Home Care Limited,Mackley Homecare Limited,Domiciliary Care,Yes,1-117070190 https://www.cqc.org.uk/location/1-117070190,02038928700,BR2 8HG,Lead,
Mears Extra Care Limited,Mears Care - Bromley,Domiciliary Care,Yes,1-8026511168 https://www.cqc.org.uk/location/1-8026511168,02084621006,BR2 8FE,Lead,
Reliable Community Care Services Ltd,Reliable Community Care Services Ltd,Domiciliary Care,Yes,1-12771442086 https://www.cqc.org.uk/location/1-12771442086,07983860248,BR2 8GP,Lead,
Smithfield Health & Social Care Ltd,Smithfield Health & Social Care Limited t/a Verilife,Domiciliary Care,Yes,1-303534961 https://www.cqc.org.uk/location/1-303534961,02031419290,BR2 8BQ,Lead,
SureCare Bromley Limited,SureCare Bromley Limited,Domiciliary Care,Yes,1-4465650560 https://www.cqc.org.uk/location/1-4465650560,02034091626,BR2 8HG,Lead,
Voug Care Ltd,Voug Care,Domiciliary Care,Yes,1-14808116929 https://www.cqc.org.uk/location/1-14808116929,02084607468,BR2 7EY,Lead,
Langley Care Services Limited,Walfinch Bromley and Sevenoaks,Domiciliary Care,Yes,1-22156330137 https://www.cqc.org.uk/location/1-22156330137,02033376866,BR2 6HQ,Lead,
Solving Homes Limited,Solving Homes Limited,Supported Living,Yes,1-12331943788 https://www.cqc.org.uk/location/1-12331943788,02037709382,BR2 8GP,Lead,
Willowbrook Healthcare Limited,Beckenham Park Care Home,Nursing Home,Yes,1-15519796030 https://www.cqc.org.uk/location/1-15519796030,02031313010,BR3 3FH,Lead,
Redwood Tower UK Opco 1 Limited,Beckenham Park Care Home,Nursing Home,Yes,1-12383242864 https://www.cqc.org.uk/location/1-12383242864,,BR3 3FH,Lead,
Nellsar Limited,Bromley Park Dementia Nursing Home,Nursing Home,Yes,1-122186224 https://www.cqc.org.uk/location/1-122186224,02086505504,BR3 5PA,Lead,
Mills Family Limited,The Sloane Nursing Home,Nursing Home,Yes,1-119778767 https://www.cqc.org.uk/location/1-119778767,02086503410,BR3 5AA,Lead,
Everyturn,Woodland House,Nursing Home,Yes,1-29078209619 https://www.cqc.org.uk/location/1-29078209619,,BR3 3BX,Lead,
Sage Care Homes (Jansondean) Limited,Jansondean Care Home,Residential Care,Yes,1-191454293 https://www.cqc.org.uk/location/1-191454293,02086507810,BR3 6PJ,Lead,
Oak Lodge Care Home Ltd,Oak Lodge Care Home,Residential Care,Yes,1-17196194664 https://www.cqc.org.uk/location/1-17196194664,02033403232,BR3 6PJ,Lead,
Care At My Home Ltd,Care At My Home Ltd,Domiciliary Care,Yes,1-18112746675 https://www.cqc.org.uk/location/1-18112746675,,BR3 1RW,Lead,
Carepoint Services Limited,Carepoint Services (Beckenham),Domiciliary Care,Yes,1-6056948539 https://www.cqc.org.uk/location/1-6056948539,02086983661,BR3 1BN,Lead,
Elmes Homecare UK Ltd,Elmes Homecare,Domiciliary Care,Yes,1-4518469173 https://www.cqc.org.uk/location/1-4518469173,02086587285,BR3 1DT,Lead,
Elsah Healthcare Ltd,Elsah Healthcare,Domiciliary Care,Yes,1-8732953550 https://www.cqc.org.uk/location/1-8732953550,02086592825,BR3 4LZ,Lead,
Priory Care Services Ltd,HQ Priory Care Services,Domiciliary Care,Yes,1-4298924778 https://www.cqc.org.uk/location/1-4298924778,02087731002,BR3 1JN,Lead,
Home Healthcare Ltd,Home Healthcare/Capable Care,Domiciliary Care,Yes,1-12435382652 https://www.cqc.org.uk/location/1-12435382652,02086507264,BR3 1AE,Lead,
RSL Homecare Limited,Right at Home Bromley,Domiciliary Care,Yes,1-3917553912 https://www.cqc.org.uk/location/1-3917553912,02081506272,BR3 5NP,Lead,
South East London Mind Limited,SEL Mind – Bromley MindCare,Domiciliary Care,Yes,1-124919305 https://www.cqc.org.uk/location/1-124919305,02082497282,BR3 4HY,Lead,
Youth Graces UK Limited,Youth Graces UK Limited,Domiciliary Care,Yes,1-1988052375 https://www.cqc.org.uk/location/1-1988052375,02086509132,BR3 4PR,Lead,
Choice Support,The Hub,Supported Living,Yes,1-23836404256 https://www.cqc.org.uk/location/1-23836404256,01622722400,BR3 4LY,Lead,
The Healthcare Management Trust,Coloma Court Care Home,Nursing Home,Yes,1-112968840 https://www.cqc.org.uk/location/1-112968840,02087761129,BR4 9QJ,Lead,
Westwood Housing Association,Burrell Mead,Residential Care,Yes,1-109761925 https://www.cqc.org.uk/location/1-109761925,02087760455,BR4 0QS,Lead,
Care Outlook Ltd,Care Outlook (West Wickham),Domiciliary Care,Yes,1-745039062 https://www.cqc.org.uk/location/1-745039062,02087773840,BR4 0LZ,Lead,
Happy at Home (Bromley) Limited,"Home Instead - Bromley, Chislehurst & Orpington",Domiciliary Care,Yes,1-3108169754 https://www.cqc.org.uk/location/1-3108169754,02086582535,BR4 9HY,Lead,
Country Court Care Homes 6 Limited,Pemberley Manor Care and Nursing Home,Nursing Home,Yes,1-17708769692 https://www.cqc.org.uk/location/1-17708769692,01733571951,BR5 3AD,Lead,
Colin Limited,Stoneyway 1,Residential Care,Yes,1-25645550605 https://www.cqc.org.uk/location/1-25645550605,,BR5 4EN,Lead,
Colin Limited,Stoneyway 2,Residential Care,Yes,1-25645834928 https://www.cqc.org.uk/location/1-25645834928,,BR5 4EN,Lead,
Alina Homecare Ltd,Alina Homecare Bromley,Domiciliary Care,Yes,1-6317810733 https://www.cqc.org.uk/location/1-6317810733,01689283222,BR5 3QB,Lead,
Always Inclusive Ltd,Always Inclusive Outreach,Domiciliary Care,Yes,1-12642181724 https://www.cqc.org.uk/location/1-12642181724,01689885040,BR5 3QB,Lead,
Anjel Direct (Recruitment) Solutions Ltd,Anjel Direct (Recruitment) Solutions Ltd,Domiciliary Care,Yes,1-10728971317 https://www.cqc.org.uk/location/1-10728971317,02088521622,BR5 3QB,Lead,
AvielaCare Ltd,Aviela Care Ltd,Domiciliary Care,Yes,1-17583561497 https://www.cqc.org.uk/location/1-17583561497,,BR5 3QF,Lead,
"Care Ones, Recruitment and Training Ltd","Care Ones, Recruitment and Training Ltd",Domiciliary Care,Yes,1-22152383352 https://www.cqc.org.uk/location/1-22152383352,07885995861,BR5 3QB,Lead,
Cecile Healthcare UK Limited,Cecile Healthcare UK,Domiciliary Care,Yes,1-13196984603 https://www.cqc.org.uk/location/1-13196984603,07533476912,BR5 3EJ,Lead,
Creative Support Limited,Creative Support - Apsley Court,Domiciliary Care,Yes,1-4126233283 https://www.cqc.org.uk/location/1-4126233283,,BR5 4AQ,Lead,
Co-Production Care Limited,Head Office,Domiciliary Care,Yes,1-19893271010 https://www.cqc.org.uk/location/1-19893271010,07960484429,BR5 1PQ,Lead,
Optimum Homecare Services Ltd,Optimum Home Care Services Ltd,Domiciliary Care,Yes,1-9550166889 https://www.cqc.org.uk/location/1-9550166889,07737509890,BR5 3QY,Lead,
Silestia Ltd,"Radfield Home Care Bromley, Orpington & Beckenham",Domiciliary Care,Yes,1-14144735535 https://www.cqc.org.uk/location/1-14144735535,02080642324,BR5 3QB,Lead,
Scodef Ltd,Scodef Care (Scodef Ltd),Domiciliary Care,Yes,1-5612767910 https://www.cqc.org.uk/location/1-5612767910,02086629278,BR5 3QB,Lead,
Sunnyside Domicilary Support Services Limited,Sunnyside Domicilliary Support Services Limited,Domiciliary Care,Yes,1-210091055 https://www.cqc.org.uk/location/1-210091055,01689638236,BR5 1NA,Lead,
Care UK Care Services Limited,Foxbridge House,Nursing Home,Yes,1-19896801657 https://www.cqc.org.uk/location/1-19896801657,01689850393,BR6 7FB,Lead,
Care UK Community Partnerships Ltd,Foxbridge House,Nursing Home,Yes,1-651388922 https://www.cqc.org.uk/location/1-651388922,03333210926,BR6 7FB,Lead,
Diagrama Healthcare Services Limited,Cabrini House 1 (Diagrama Healthcare),Residential Care,Yes,1-1875164088 https://www.cqc.org.uk/location/1-1875164088,01689891401,BR6 9LB,Lead,
Diagrama Healthcare Services Limited,Cabrini House 2 (Diagrama Healthcare),Residential Care,Yes,1-2315394292 https://www.cqc.org.uk/location/1-2315394292,01689891401,BR6 9LB,Lead,
Diagrama Healthcare Services Limited,Cabrini House 3 (Diagrama Healthcare),Residential Care,Yes,1-1875185341 https://www.cqc.org.uk/location/1-1875185341,01689891401,BR6 9LB,Lead,
Care With You Ltd,Care With You Ltd,Domiciliary Care,Yes,1-28254409596 https://www.cqc.org.uk/location/1-28254409596,07412050550,BR6 9DL,Lead,
Chislehurst Homecare Partnership Limited,Chislehurst Homecare Partnership,Domiciliary Care,Yes,1-145353745 https://www.cqc.org.uk/location/1-145353745,07484734525,BR6 7DB,Lead,
Compassion Home Care Limited,Compassion Home Care Limited,Domiciliary Care,Yes,1-883936252 https://www.cqc.org.uk/location/1-883936252,01689825155,BR6 0HH,Lead,
Day to Day Care Limited,Day to Day Care Limited,Domiciliary Care,Yes,1-2890688735 https://www.cqc.org.uk/location/1-2890688735,01689897774,BR6 0NQ,Lead,
Gracious Care (Holdings) Limited,Gracious Care,Domiciliary Care,Yes,1-9775304484 https://www.cqc.org.uk/location/1-9775304484,01689854747,BR6 7AA,Lead,
Highlands Care Ltd,Highlands Care Ltd,Domiciliary Care,Yes,1-10153383469 https://www.cqc.org.uk/location/1-10153383469,07931325755,BR6 0HP,Lead,
Holden Park Care Limited,Holden Park Care Ltd,Domiciliary Care,Yes,1-19890854195 https://www.cqc.org.uk/location/1-19890854195,07969300090,BR6 7SE,Lead,
Lolad UK Limited,LOLAD UK LIMITED,Domiciliary Care,Yes,1-19553422650 https://www.cqc.org.uk/location/1-19553422650,07539646386,BR6 9XQ,Lead,
Pentacare Services Ltd,PentaCare (Bromley & Orpington),Domiciliary Care,Yes,1-20295584066 https://www.cqc.org.uk/location/1-20295584066,01732905405,BR6 0HQ,Lead,
Diagrama Healthcare Services Limited,Diagrama Supported Living,Supported Living,Yes,1-10631728583 https://www.cqc.org.uk/location/1-10631728583,01689891401,BR6 9LB,Lead,
Polish Citizens Committee Housing Association Limited,Antokol,Nursing Home,Yes,1-110197479 https://www.cqc.org.uk/location/1-110197479,02084678102,BR7 6PE,Lead,
Mills Family Limited,Fallowfield,Nursing Home,Yes,1-119778726 https://www.cqc.org.uk/location/1-119778726,02084672781,BR7 6LQ,Lead,
The Royal Masonic Benevolent Institution Care Company,Prince George Duke of Kent Court,Nursing Home,Yes,1-2600586559 https://www.cqc.org.uk/location/1-2600586559,02084670081,BR7 6PA,Lead,
Mission Care Management,Willett House,Nursing Home,Yes,1-21881097238 https://www.cqc.org.uk/location/1-21881097238,02084028224,BR7 6LT,Lead,
Agincare Enable Limited,56 High Street,Residential Care,Yes,1-25565901359 https://www.cqc.org.uk/location/1-25565901359,01305825500,BR7 5AQ,Lead,
Bupa Care Homes (CFChomes) Limited,Elmstead Care Home,Residential Care,Yes,1-130120365 https://www.cqc.org.uk/location/1-130120365,02084670007,BR7 5EL,Lead,
Mills Family Limited,Fairlight,Residential Care,Yes,1-9405286125 https://www.cqc.org.uk/location/1-9405286125,02039171523,BR7 6LL,Lead,
Chislehurst Healthcare Ltd,Chislehurst Healthcare Ltd,Domiciliary Care,Yes,1-11188426198 https://www.cqc.org.uk/location/1-11188426198,08006894171,BR7 5AE,Lead,
Midshires Care Limited,Helping Hands Bromley,Domiciliary Care,Yes,1-2647984594 https://www.cqc.org.uk/location/1-2647984594,02081507514,BR7 5DW,Lead,
Melburay Ltd,Melburay Ltd,Domiciliary Care,Yes,1-8788300774 https://www.cqc.org.uk/location/1-8788300774,02037311088,BR7 6NR,Lead,
Livit Investment Limited,Responsive-Care,Domiciliary Care,Yes,1-12142424006 https://www.cqc.org.uk/location/1-12142424006,02045240368,BR7 6TG,Lead,
Yourlife Management Services Limited,Yourlife (Chislehurst),Domiciliary Care,Yes,1-6468086698 https://www.cqc.org.uk/location/1-6468086698,02082951251,BR7 5FT,Lead,
Oakland Opco B Limited,Birchwood Heights Care Home,Nursing Home,Yes,1-13137147535 https://www.cqc.org.uk/location/1-13137147535,01322947055,BR8 7BT,Lead,
Hextable Care Limited,Emerson Grange,Nursing Home,Yes,1-5600613464 https://www.cqc.org.uk/location/1-5600613464,01233224040,BR8 7FP,Lead,
Barchester Healthcare Homes Limited,Elderwood House,Residential Care,Yes,1-28412199722 https://www.cqc.org.uk/location/1-28412199722,,BR8 7SG,Lead,
Scarborough Hall Limited,Elderwood House,Residential Care,Yes,1-28165708692 https://www.cqc.org.uk/location/1-28165708692,,BR8 7SG,Lead,
Gravity Care Services Ltd,Gravity Care Services Ltd,Domiciliary Care,Yes,1-12292063139 https://www.cqc.org.uk/location/1-12292063139,,BR8 8AP,Lead,
Lauriem Complete Care Limited,Lauriem White Oak Court (EC),Domiciliary Care,Yes,1-27376556091 https://www.cqc.org.uk/location/1-27376556091,07710096175,BR8 7WF,Lead,
Parisse Care Consulting Limited,Parisse Care Consulting Limited,Domiciliary Care,Yes,1-11718784147 https://www.cqc.org.uk/location/1-11718784147,07877579670,BR8 7BU,Lead,
Penkz Limited,Penkz Limited – Swanley Branch,Domiciliary Care,Yes,1-27709483819 https://www.cqc.org.uk/location/1-27709483819,02033450344,BR8 8EE,Lead,
Bramley Health Limited,The Willows Care Home,Nursing Home,Yes,1-28255365145 https://www.cqc.org.uk/location/1-28255365145,,DA1 5LZ,Lead,
West Hill Care Home LTD,West Hill Care Home,Nursing Home,Yes,1-10556813199 https://www.cqc.org.uk/location/1-10556813199,,DA1 2GA,Lead,
Choice Support,Chapel Hill,Residential Care,Yes,1-15199313045 https://www.cqc.org.uk/location/1-15199313045,01322553201,DA1 4BY,Lead,
Shakti Lodge,Shakti Lodge,Residential Care,Yes,1-7331960808 https://www.cqc.org.uk/location/1-7331960808,01322288070,DA1 3HR,Lead,
Liaise (London) Limited,St James House,Residential Care,Yes,1-1724927101 https://www.cqc.org.uk/location/1-1724927101,01322600510,DA1 2DX,Lead,
Liaise (London) Limited,St James Mews,Residential Care,Yes,1-1724927443 https://www.cqc.org.uk/location/1-1724927443,01322600511,DA1 2ED,Lead,
HBC 2021 Limited,The Bridge Care Home,Residential Care,Yes,1-18665449965 https://www.cqc.org.uk/location/1-18665449965,07928962593,DA1 5FW,Lead,
2Dees Ltd,2Dees Ltd,Domiciliary Care,Yes,1-15013335780 https://www.cqc.org.uk/location/1-15013335780,,DA1 5NZ,Lead,
5C's Professionals Agency Ltd,5C's Professionals Agency,Domiciliary Care,Yes,1-22156266811 https://www.cqc.org.uk/location/1-22156266811,07796238426,DA1 5TU,Lead,
Optimal Care Concept Limited,69 Burroughs Drive Dartford,Domiciliary Care,Yes,1-15827017990 https://www.cqc.org.uk/location/1-15827017990,07853453332,DA1 5TW,Lead,
Agape Medical Health Care Ltd,Agape Medical Health Care Ltd,Domiciliary Care,Yes,1-19286339766 https://www.cqc.org.uk/location/1-19286339766,01322473312,DA1 2JH,Lead,
South Eastern Solutions Limited,Angelus Homecare - Dartford,Domiciliary Care,Yes,1-13449471430 https://www.cqc.org.uk/location/1-13449471430,,DA1 2EL,Lead,
Athlone Care Ltd,Athlone Care,Domiciliary Care,Yes,1-437637829 https://www.cqc.org.uk/location/1-437637829,01322274747,DA1 1RX,Lead,
Atman Care LTD,Atman Care,Domiciliary Care,Yes,1-11673633571 https://www.cqc.org.uk/location/1-11673633571,07732686770,DA1 1XR,Lead,
Austen Allen Healthcare Limited,Austen Allen Homecare - Dartford,Domiciliary Care,Yes,1-224723136 https://www.cqc.org.uk/location/1-224723136,01322424558,DA1 1BX,Lead,
Banner House Support Services Limited,Banner House Support Services,Domiciliary Care,Yes,1-24126018850 https://www.cqc.org.uk/location/1-24126018850,01322518241,DA1 5FS,Lead,
Beersheba Social Care Services Limited,Beersheba Social Care Services Limited,Domiciliary Care,Yes,1-8373713405 https://www.cqc.org.uk/location/1-8373713405,07422666759,DA1 1DZ,Lead,
Bethal Manna Care Ltd,Bethal Manna Care Ltd,Domiciliary Care,Yes,1-7060366080 https://www.cqc.org.uk/location/1-7060366080,07790581289,DA1 5FS,Lead,
Bojetcares Services Ltd,Bojetcares Services Ltd,Domiciliary Care,Yes,1-27762327115 https://www.cqc.org.uk/location/1-27762327115,07492473432,DA1 5SP,Lead,
Capstone Helpers Limited,Caremark (Bexley),Domiciliary Care,Yes,1-18073564402 https://www.cqc.org.uk/location/1-18073564402,01322946393,DA1 4SL,Lead,
CaringHeart Homecare Ltd,CaringHeart Homecare LTD,Domiciliary Care,Yes,1-8938884643 https://www.cqc.org.uk/location/1-8938884643,07908530056,DA1 5XF,Lead,
Chameleon Care Limited,Chameleon Care (Dartford),Domiciliary Care,Yes,1-355646797 https://www.cqc.org.uk/location/1-355646797,01322291000,DA1 5FS,Lead,
Chime Care Limited,Chime Care Limited,Domiciliary Care,Yes,1-16380703575 https://www.cqc.org.uk/location/1-16380703575,02080499776,DA1 1DZ,Lead,
City Support Limited,City Support Limited,Domiciliary Care,Yes,1-12752280719 https://www.cqc.org.uk/location/1-12752280719,07735348038,DA1 5DQ,Lead,
Dunamis Consultancy Ltd,Dunamis Consultancy Ltd,Domiciliary Care,Yes,1-16429710087 https://www.cqc.org.uk/location/1-16429710087,01322475021,DA1 5GA,Lead,
Dvanguard Ltd,Dvanguard Ltd,Domiciliary Care,Yes,1-16371469110 https://www.cqc.org.uk/location/1-16371469110,02034880500,DA1 4SL,Lead,
Ever Diamond Care Ltd.,Ever Diamond Care Ltd.,Domiciliary Care,Yes,1-14574864416 https://www.cqc.org.uk/location/1-14574864416,01322272354,DA1 4AP,Lead,
Femack Training and Recruitment Consultancy Ltd,Femack Training and Recruitment Consultancy Ltd,Domiciliary Care,Yes,1-3299990523 https://www.cqc.org.uk/location/1-3299990523,01322839371,DA1 4SB,Lead,
Figtree Care Services Ltd,Figtree Care Services Ltd,Domiciliary Care,Yes,1-1054132568 https://www.cqc.org.uk/location/1-1054132568,01322314878,DA1 5FS,Lead,
HD2 Care Support Services Ltd,HD2-1,Domiciliary Care,Yes,1-1471584623 https://www.cqc.org.uk/location/1-1471584623,07951593767,DA1 4RB,Lead,
Haven Solutionz Ltd,Haven Solutionz Ltd.,Domiciliary Care,Yes,1-12069439966 https://www.cqc.org.uk/location/1-12069439966,02080506039,DA1 1BX,Lead,
Midshires Care Limited,Helping Hands Dartford,Domiciliary Care,Yes,1-5684305301 https://www.cqc.org.uk/location/1-5684305301,01322921343,DA1 2DE,Lead,
Here to Care Limited,Here2Care (Dartford),Domiciliary Care,Yes,1-120065835 https://www.cqc.org.uk/location/1-120065835,01322225513,DA1 5BU,Lead,
Integral Focus Ltd,Integral Focus Support and Care Services (Kent),Domiciliary Care,Yes,1-21477754309 https://www.cqc.org.uk/location/1-21477754309,02031500065,DA1 1HD,Lead,
Kaplan Care Limited,Kaplan Care Dartford,Domiciliary Care,Yes,1-9104134215 https://www.cqc.org.uk/location/1-9104134215,07301288822,DA1 2JH,Lead,
Lanh Professionals LLP,LANH,Domiciliary Care,Yes,1-3941691925 https://www.cqc.org.uk/location/1-3941691925,03333583664,DA1 5FS,Lead,
Liznett Care Services Ltd,Liznett Care Services Limited,Domiciliary Care,Yes,1-1672753739 https://www.cqc.org.uk/location/1-1672753739,01322438057,DA1 4SL,Lead,
Smartlinks Care Services UK Ltd,London House Business Centre Thames Road Crayford,Domiciliary Care,Yes,1-14479022701 https://www.cqc.org.uk/location/1-14479022701,01322586755,DA1 4SL,Lead,
MA Healthcare Support Ltd,MA HEALTHCARE SUPPORT LTD OFFICE G07A BRUNEL WAY,Domiciliary Care,Yes,1-23115790475 https://www.cqc.org.uk/location/1-23115790475,02030893548,DA1 5GA,Lead,
MC Care Services Ltd,MC Care,Domiciliary Care,Yes,1-8906225702 https://www.cqc.org.uk/location/1-8906225702,,DA1 1UP,Lead,
Mercy Care Limited,Mercy Care Limited,Domiciliary Care,Yes,1-13466153224 https://www.cqc.org.uk/location/1-13466153224,01322536432,DA1 4SL,Lead,
Moniks Care Services Ltd,Moniks Care Services Limited,Domiciliary Care,Yes,1-12925780008 https://www.cqc.org.uk/location/1-12925780008,07904995201,DA1 1DZ,Lead,
Nomase Supported Limited,Nomase Supported Limited,Domiciliary Care,Yes,1-13536647790 https://www.cqc.org.uk/location/1-13536647790,07935757467,DA1 2JH,Lead,
Peter-Philip Care Ltd,Peter-Philip Care Ltd,Domiciliary Care,Yes,1-11959307847 https://www.cqc.org.uk/location/1-11959307847,01322946399,DA1 4SL,Lead,
Optimal Care Group Ltd,Prestige Nursing and Care - Dartford,Domiciliary Care,Yes,1-22324098198 https://www.cqc.org.uk/location/1-22324098198,01322772472,DA1 1EX,Lead,
Refined Care Services Ltd,Refined Care Services,Domiciliary Care,Yes,1-23408099308 https://www.cqc.org.uk/location/1-23408099308,,DA1 1TH,Lead,
Retons Care and Training Services Ltd,Retons Care and Training Services Ltd,Domiciliary Care,Yes,1-2041988093 https://www.cqc.org.uk/location/1-2041988093,07476066043,DA1 5FS,Lead,
Spire Care Ltd,Right at Home Bexley & Dartford,Domiciliary Care,Yes,1-18125956823 https://www.cqc.org.uk/location/1-18125956823,01322933933,DA1 5GA,Lead,
SilverBirch Healthcare Ltd,SilverBirch Healthcare Ltd,Domiciliary Care,Yes,1-4647280740 https://www.cqc.org.uk/location/1-4647280740,01689414689,DA1 2JS,Lead,
Sunlite Recruitment Company Limited,Sunlite Recruitment Company Limited,Domiciliary Care,Yes,1-7647113324 https://www.cqc.org.uk/location/1-7647113324,01322551943,DA1 3QG,Lead,
Ophrah Oak Ltd,The Base Business Park,Domiciliary Care,Yes,1-4307224457 https://www.cqc.org.uk/location/1-4307224457,02083013146,DA1 5FS,Lead,
Vila Pvt Ltd,Vila Homecare,Domiciliary Care,Yes,1-11909397939 https://www.cqc.org.uk/location/1-11909397939,02033717015,DA1 2EN,Lead,
Westminster Homecare Limited,Westminster Homecare Limited – Greenwich and North Kent,Domiciliary Care,Yes,1-283171851 https://www.cqc.org.uk/location/1-283171851,01322280680,DA1 2AU,Lead,
Your Care Nursing Ltd,Your Care Nursing Ltd,Domiciliary Care,Yes,1-15642971295 https://www.cqc.org.uk/location/1-15642971295,07985713385,DA1 1TQ,Lead,
Forever Care Agency Ltd,Forever Care Agency,Domiciliary Care,Yes,1-17717913865 https://www.cqc.org.uk/location/1-17717913865,02034323825,DA10 0LH,Lead,
Grow Care Agency Limited,Grow Care Agency Limited,Domiciliary Care,Yes,1-19238830265 https://www.cqc.org.uk/location/1-19238830265,07412556546,DA10 1DR,Lead,
Sacred Heart Healthcare Services Ltd,Head Office,Domiciliary Care,Yes,1-21990003448 https://www.cqc.org.uk/location/1-21990003448,,DA10 1DN,Lead,
Mayflower Care Home (Northfleet) Limited,Mayflower Care Home,Nursing Home,Yes,1-160563690 https://www.cqc.org.uk/location/1-160563690,01474531030,DA11 7DX,Lead,
Ventas Opco UK Limited,Mayflower Care Home,Nursing Home,Yes,1-21533595162 https://www.cqc.org.uk/location/1-21533595162,01474531030,DA11 7DX,Lead,
Simply Care Group UK Ltd,Squadron Manor,Nursing Home,Yes,1-25712434602 https://www.cqc.org.uk/location/1-25712434602,01413331495,DA11 7FF,Lead,
Belmont Healthcare (Wombwell) Limited,Wombwell Hall,Nursing Home,Yes,1-13826275233 https://www.cqc.org.uk/location/1-13826275233,01474569699,DA11 8BL,Lead,
Choice Support,Benham Lodge,Residential Care,Yes,1-15199004706 https://www.cqc.org.uk/location/1-15199004706,01474533108,DA11 0HZ,Lead,
Kent County Council,Gravesham Place Integrated Care Centre,Residential Care,Yes,1-133266596 https://www.cqc.org.uk/location/1-133266596,01474360500,DA11 0BY,Lead,
National Autistic Society (The),Overcliffe House,Residential Care,Yes,1-134621142 https://www.cqc.org.uk/location/1-134621142,01474558871,DA11 0EH,Lead,
National Autistic Society (The),Pelham Manor,Residential Care,Yes,1-134621170 https://www.cqc.org.uk/location/1-134621170,01474352591,DA11 0HU,Lead,
Evergreen Healthcare 2004 LTD,The Hollies Residential Home,Residential Care,Yes,1-9805787175 https://www.cqc.org.uk/location/1-9805787175,01474568998,DA11 0SE,Lead,
Toqeer Aslam,Welcome House - Ruby Lodge,Residential Care,Yes,1-125730602 https://www.cqc.org.uk/location/1-125730602,01474355594,DA11 0HZ,Lead,
Alzheimer's and Dementia Support Services,"Alzheimer's and Dementia Support Services, Safeharbour Memory Wellbeing Centre",Domiciliary Care,Yes,1-226611712 https://www.cqc.org.uk/location/1-226611712,01474533990,DA11 8AE,Lead,
Austen Allen Healthcare Limited,Austen Allen Homecare - Gravesham,Domiciliary Care,Yes,1-2136980291 https://www.cqc.org.uk/location/1-2136980291,01474558790,DA11 0LZ,Lead,
Best2 Care Ltd,Best2 Care Ltd – Gravesend Office,Domiciliary Care,Yes,1-8134636039 https://www.cqc.org.uk/location/1-8134636039,01474632888,DA11 0BH,Lead,
Better Families Social Work Services Ltd,Better Families Social Work Services Ltd,Domiciliary Care,Yes,1-19321224706 https://www.cqc.org.uk/location/1-19321224706,07856912437,DA11 0NH,Lead,
Beulah Care Training And Services Limited,Beulah Care Training And Services Limited,Domiciliary Care,Yes,1-14395106088 https://www.cqc.org.uk/location/1-14395106088,07919093754,DA11 7ED,Lead,
Blanche Caring Heart Ltd,Blanche Caring Heart Ltd,Domiciliary Care,Yes,1-12465104017 https://www.cqc.org.uk/location/1-12465104017,07473639396,DA11 9PN,Lead,
Ezzie-Daisy Care Services Limited,Ezzie-Daisy Care Services Limited,Domiciliary Care,Yes,1-19883404929 https://www.cqc.org.uk/location/1-19883404929,07832238516,DA11 7RQ,Lead,
DMC Consulting Services Ltd,Gravesend,Domiciliary Care,Yes,1-3928813468 https://www.cqc.org.uk/location/1-3928813468,07525497949,DA11 0RZ,Lead,
Greener Pastures Ltd,Greener Pastures Ltd,Domiciliary Care,Yes,1-10675883005 https://www.cqc.org.uk/location/1-10675883005,,DA11 7JG,Lead,
MRJ Care Limited,MRJ Care Ltd t/a MAUCARE Services,Domiciliary Care,Yes,1-6088137470 https://www.cqc.org.uk/location/1-6088137470,01322466578,DA11 0PR,Lead,
Noblewave Solutions Ltd,Noblewave Solutions Ltd,Domiciliary Care,Yes,1-19829538094 https://www.cqc.org.uk/location/1-19829538094,,DA11 9GP,Lead,
P2P Recruitment Limited,P2P Care Support,Domiciliary Care,Yes,1-19565092675 https://www.cqc.org.uk/location/1-19565092675,02039542222,DA11 0RZ,Lead,
Penny Care Limited,Penny Care Limited,Domiciliary Care,Yes,1-13945930703 https://www.cqc.org.uk/location/1-13945930703,07727142171,DA11 0DF,Lead,
Resilient Healthcare Limited,Resilient Healthcare Limited,Domiciliary Care,Yes,1-21880670500 https://www.cqc.org.uk/location/1-21880670500,07359381779,DA11 8HN,Lead,
Serene Home Care Limited,Serene Home Care Limited,Domiciliary Care,Yes,1-7985016750 https://www.cqc.org.uk/location/1-7985016750,,DA11 0LU,Lead,
TASHN Limited,Tashn Limited,Domiciliary Care,Yes,1-14415894032 https://www.cqc.org.uk/location/1-14415894032,07811437116,DA11 0RG,Lead,
Timesurg Healthcare Services Ltd,Timesurg Healthcare Services,Domiciliary Care,Yes,1-19244755835 https://www.cqc.org.uk/location/1-19244755835,,DA11 0SQ,Lead,
Deenex Intl Limited,Deenex Intl Limited T/A Greenbanks Heritage,Supported Living,Yes,1-18935235373 https://www.cqc.org.uk/location/1-18935235373,,DA11 8QX,Lead,
Kent Association for Spina Bifida and Hydrocephalus,Gingerbread Office,Supported Living,Yes,1-6852915315 https://www.cqc.org.uk/location/1-6852915315,01474536501,DA11 9HU,Lead,
National Autistic Society (The),NAS Community Services (Kent),Supported Living,Yes,1-9665521940 https://www.cqc.org.uk/location/1-9665521940,01474535057,DA11 0DN,Lead,
FitzRoy Support,Pelham Road,Supported Living,Yes,1-120635041 https://www.cqc.org.uk/location/1-120635041,01474321079,DA11 0JB,Lead,
Rehoboth Care UK Limited,Rehoboth Care UK,Supported Living,Yes,1-24218952740 https://www.cqc.org.uk/location/1-24218952740,01474368145,DA11 8QX,Lead,
National Autistic Society (The),Echo Square House,Residential Care,Yes,1-134621004 https://www.cqc.org.uk/location/1-134621004,01474558871,DA12 1QH,Lead,
Independence-Development Ltd,Edwin Therapeutic Unit,Residential Care,Yes,1-604758333 https://www.cqc.org.uk/location/1-604758333,01474323891,DA12 1EJ,Lead,
Gravesend Independent Living Services Limited,Larchwood Grove,Residential Care,Yes,1-12777328156 https://www.cqc.org.uk/location/1-12777328156,01474355967,DA12 1QH,Lead,
Achieve Together Limited,Sheringham House,Residential Care,Yes,1-9176612575 https://www.cqc.org.uk/location/1-9176612575,01474329807,DA12 1NR,Lead,
Willowbrook Healthcare Limited,Springwood Corner Care Home,Residential Care,Yes,1-28924840155 https://www.cqc.org.uk/location/1-28924840155,01604675566,DA12 5AL,Lead,
WT RB Opco 1 Limited,Springwood Corner Care Home,Residential Care,Yes,1-23488980762 https://www.cqc.org.uk/location/1-23488980762,01604675566,DA12 5AL,Lead,
Betterliving Care Limited,Betterliving Care Limited,Domiciliary Care,Yes,1-4499802327 https://www.cqc.org.uk/location/1-4499802327,07480316307,DA12 2PN,Lead,
Ampi Limited,Bluebird Care (Gravesham & Dartford),Domiciliary Care,Yes,1-207238514 https://www.cqc.org.uk/location/1-207238514,01474560160,DA12 2DL,Lead,
Ampi Limited,"Bluebird Care (Maidstone, Tonbridge & Royal Tunbridge Wells)",Domiciliary Care,Yes,1-159640070 https://www.cqc.org.uk/location/1-159640070,01622618786,DA12 2DL,Lead,
Faysha Limited,Faysha Limited,Domiciliary Care,Yes,1-14636876805 https://www.cqc.org.uk/location/1-14636876805,,DA12 2EE,Lead,
Sanctuary Home Care Limited,Gravesend Care Services,Domiciliary Care,Yes,1-2481243083 https://www.cqc.org.uk/location/1-2481243083,07442492984,DA12 5FG,Lead,
Kent County Council,Kent Enablement at Home,Domiciliary Care,Yes,1-247987487 https://www.cqc.org.uk/location/1-247987487,03000411480,DA12 1AU,Lead,
Health and Social Ltd,Office,Domiciliary Care,Yes,1-22156827039 https://www.cqc.org.uk/location/1-22156827039,07947499780,DA12 2AX,Lead,
Marker Care UK Limited,Shamrock Road,Domiciliary Care,Yes,1-15920632534 https://www.cqc.org.uk/location/1-15920632534,07575154975,DA12 2LH,Lead,
Age Concern Gillingham,The Clarendon Royal Community,Domiciliary Care,Yes,1-28518478901 https://www.cqc.org.uk/location/1-28518478901,01634572616,DA12 2BE,Lead,
Vitality Home Health Ltd,Vitality Home Health Gravesham & Dartford,Domiciliary Care,Yes,1-5995861494 https://www.cqc.org.uk/location/1-5995861494,01474240909,DA12 1DP,Lead,
Forge House Care Ltd,Forge House Care North Kent,Supported Living,Yes,1-14764795930 https://www.cqc.org.uk/location/1-14764795930,01634671404,DA12 5PA,Lead,
RCH Care Homes Limited,Withens Nursing Home,Nursing Home,Yes,1-118093600 https://www.cqc.org.uk/location/1-118093600,01474834109,DA13 9NQ,Lead,
Nicholas James Care Homes Ltd,Dale Lodge,Residential Care,Yes,1-137862220 https://www.cqc.org.uk/location/1-137862220,01474834877,DA13 9NX,Lead,
Nicholas James Care Homes Ltd,Dale Mount,Residential Care,Yes,1-137862205 https://www.cqc.org.uk/location/1-137862205,01474832461,DA13 9NX,Lead,
Chestnuts Home Ltd,The Chestnuts Care Home,Residential Care,Yes,1-12039820541 https://www.cqc.org.uk/location/1-12039820541,01474812152,DA13 9AH,Lead,
GCH (South) Ltd,Baugh House Care Centre,Nursing Home,Yes,1-3618662661 https://www.cqc.org.uk/location/1-3618662661,02086201007,DA14 5ED,Lead,
Care UK Care Services Limited,Smyth Lodge,Nursing Home,Yes,1-19896835514 https://www.cqc.org.uk/location/1-19896835514,02080519190,DA14 6LF,Lead,
Care UK Community Partnerships Ltd,Smyth Lodge,Nursing Home,Yes,1-6024238392 https://www.cqc.org.uk/location/1-6024238392,02080519190,DA14 6LF,Lead,
Bupa Care Homes (ANS) Limited,The Sidcup Care Home,Nursing Home,Yes,1-127818934 https://www.cqc.org.uk/location/1-127818934,02083007711,DA14 4BG,Lead,
Willowbrook Healthcare Limited,Frognal House Care Home,Residential Care,Yes,1-15519796391 https://www.cqc.org.uk/location/1-15519796391,02083026200,DA14 6LF,Lead,
Willow Tower Opco 1 Limited,Frognal House Care Home,Residential Care,Yes,1-3876084699 https://www.cqc.org.uk/location/1-3876084699,02083026200,DA14 6LF,Lead,
Quo Vadis Trust,Hatherley Lodge,Residential Care,Yes,1-13258995162 https://www.cqc.org.uk/location/1-13258995162,02083097905,DA14 4BH,Lead,
Oakfields Care Limited,Loring Hall Limited,Residential Care,Yes,1-126032248 https://www.cqc.org.uk/location/1-126032248,02083029302,DA14 5ES,Lead,
The Drive Care Homes Limited,The Drive,Residential Care,Yes,1-114664194 https://www.cqc.org.uk/location/1-114664194,02083090440,DA14 4ER,Lead,
Bromley Healthcare Community Interest Company,Bromley Healthcare Care at Home,Domiciliary Care,Yes,1-27765785605 https://www.cqc.org.uk/location/1-27765785605,03003036090,DA14 5HS,Lead,
First Option Support Ltd,First Option Support Ltd,Domiciliary Care,Yes,1-18378799289 https://www.cqc.org.uk/location/1-18378799289,,DA14 5JL,Lead,
Reflection of Care Ltd,Reflection of Care Ltd,Domiciliary Care,Yes,1-19354368850 https://www.cqc.org.uk/location/1-19354368850,01322472655,DA14 6PE,Lead,
Safe Path Care Ltd,Safe Path Care Ltd,Domiciliary Care,Yes,1-20709382911 https://www.cqc.org.uk/location/1-20709382911,02071395110,DA14 6AU,Lead,
Sendtivate CIC,Sendtivate CIC,Domiciliary Care,Yes,1-24251913109 https://www.cqc.org.uk/location/1-24251913109,,DA14 6BW,Lead,
Wisdom Support Limited,Wisdom Support Services Ltd,Domiciliary Care,Yes,1-1881922460 https://www.cqc.org.uk/location/1-1881922460,07735374344,DA14 5RH,Lead,
Yourlife Management Services Limited,YourLife (Sidcup),Domiciliary Care,Yes,1-4211223750 https://www.cqc.org.uk/location/1-4211223750,01202362303,DA14 4EF,Lead,
Avenues London,Avenues London (South),Supported Living,Yes,1-132159145 https://www.cqc.org.uk/location/1-132159145,02035350500,DA14 5TA,Lead,
Parkhill Support Services Ltd,Parkhill Support Services Main Road,Supported Living,Yes,1-8495598391 https://www.cqc.org.uk/location/1-8495598391,02083025848,DA14 6QL,Lead,
Bupa Care Homes (CFHCare) Limited,Abbotsleigh Mews Care Home,Nursing Home,Yes,1-127515214 https://www.cqc.org.uk/location/1-127515214,02083089590,DA15 8AY,Lead,
Karuna Care Limited,St Aubyns Nursing Home,Nursing Home,Yes,1-2027978636 https://www.cqc.org.uk/location/1-2027978636,02083004285,DA15 7HJ,Lead,
Quo Vadis Trust,Elmwood Lodge,Residential Care,Yes,1-118948069 https://www.cqc.org.uk/location/1-118948069,02083097905,DA15 7HD,Lead,
Choice Support,Howard Goble House,Residential Care,Yes,1-15199356067 https://www.cqc.org.uk/location/1-15199356067,02083083560,DA15 7NU,Lead,
Avante Care and Support Limited,Northbourne Court,Residential Care,Yes,1-128278735 https://www.cqc.org.uk/location/1-128278735,02082699840,DA15 7NU,Lead,
Yara Enterprises Limited,St. Margarets Residential Home,Residential Care,Yes,1-377969601 https://www.cqc.org.uk/location/1-377969601,02083002745,DA15 7HR,Lead,
Greenwich & Bexley Community Care Limited,Community Careline Services (Bexley) Ltd,Domiciliary Care,Yes,1-16515455676 https://www.cqc.org.uk/location/1-16515455676,02071838823,DA15 9PS,Lead,
TLC Home Care Solutions Ltd,TLC Home Care Solutions Ltd,Domiciliary Care,Yes,1-1997876758 https://www.cqc.org.uk/location/1-1997876758,01322466817,DA15 8NP,Lead,
Unique Personnel (U.K.) Limited,Unique Personnel (UK) Limited,Domiciliary Care,Yes,1-14929648165 https://www.cqc.org.uk/location/1-14929648165,02083032379,DA15 8PW,Lead,
Parkhill Support Services Ltd,Parkhill Support Services Ltd,Supported Living,Yes,1-8495597646 https://www.cqc.org.uk/location/1-8495597646,02083025848,DA15 9AD,Lead,
Avante Care and Support Limited,Riverdale Court,Residential Care,Yes,1-188269020 https://www.cqc.org.uk/location/1-188269020,02083179067,DA16 3BU,Lead,
Tansonns Limited,Bluebird Care (Bexley),Domiciliary Care,Yes,1-242575803 https://www.cqc.org.uk/location/1-242575803,02083129435,DA16 3PT,Lead,
Eleanor Nursing and Social Care Limited,Eleanor Nursing and Social Care Ltd - Bexley Office,Domiciliary Care,Yes,1-828853769 https://www.cqc.org.uk/location/1-828853769,02083030898,DA16 2PL,Lead,
Global Care Connections Ltd,Global Care Connections Ltd,Domiciliary Care,Yes,1-20295134302 https://www.cqc.org.uk/location/1-20295134302,02075664058,DA16 3PG,Lead,
Greenwich Care Limited,"Home Instead, Greenwich & Bexley",Domiciliary Care,Yes,1-2192456230 https://www.cqc.org.uk/location/1-2192456230,02037718424,DA16 3QR,Lead,
Rafah Healthcare LTD,Rafah Healthcare LTD - Bexley,Domiciliary Care,Yes,1-19363491473 https://www.cqc.org.uk/location/1-19363491473,02071753934,DA16 3PA,Lead,
Urban Cousins Care Limited,Urban Cousins Care Limited,Domiciliary Care,Yes,1-14877936041 https://www.cqc.org.uk/location/1-14877936041,07513349268,DA16 3QG,Lead,
Southside Partnership,Wadeville,Residential Care,Yes,1-11937795539 https://www.cqc.org.uk/location/1-11937795539,02073684600,DA17 5ND,Lead,
Experts Care Professionals Limited,Experts Care Professionals Limited,Domiciliary Care,Yes,1-22163525249 https://www.cqc.org.uk/location/1-22163525249,07931722804,DA17 5BQ,Lead,
Savannah Home Care Services Ltd,Savannah Home Care Services,Domiciliary Care,Yes,1-6775809765 https://www.cqc.org.uk/location/1-6775809765,07939480601,DA17 5BP,Lead,
Genesis Health and Social Care Services Limited,Genesis Health and Social Care Services Limited,Supported Living,Yes,1-22160096864 https://www.cqc.org.uk/location/1-22160096864,07438032785,DA17 6LN,Lead,
Abantu Healthcare Agency Ltd,Abantu Care Services,Domiciliary Care,Yes,1-2274528570 https://www.cqc.org.uk/location/1-2274528570,07957108731,DA18 4AL,Lead,
Accu-Care UK Ltd,Accu-Care UK - Main Office,Domiciliary Care,Yes,1-14509160415 https://www.cqc.org.uk/location/1-14509160415,,DA18 4AL,Lead,
Alwdo Assist Ltd,Alwdo Assist Ltd,Domiciliary Care,Yes,1-11639125530 https://www.cqc.org.uk/location/1-11639125530,02034417007,DA18 4AL,Lead,
CJ Nicholas Care Ltd,CJ Nicholas Care Ltd,Domiciliary Care,Yes,1-23514459338 https://www.cqc.org.uk/location/1-23514459338,07745889770,DA18 4HX,Lead,
Carefocal Ltd,Carefocal Ltd,Domiciliary Care,Yes,1-8320052756 https://www.cqc.org.uk/location/1-8320052756,02083201219,DA18 4AL,Lead,
Dream Community Personnel Limited,Dream Community Personnel Limited (Woolwich),Domiciliary Care,Yes,1-3981784751 https://www.cqc.org.uk/location/1-3981784751,02083201073,DA18 4AL,Lead,
Mulier Care Solutions Limited,Mulier Care,Domiciliary Care,Yes,1-2853741974 https://www.cqc.org.uk/location/1-2853741974,02083201169,DA18 4AL,Lead,
Solutions Embassy Limited,Solutions Embassy Limited,Domiciliary Care,Yes,1-8664685172 https://www.cqc.org.uk/location/1-8664685172,02083201008,DA18 4AL,Lead,
Peculiar Care Homes Limited,Studio 24,Domiciliary Care,Yes,1-2517113284 https://www.cqc.org.uk/location/1-2517113284,02083201010,DA18 4AL,Lead,
Angel Healthcare Professionals Ltd,The Engine House,Domiciliary Care,Yes,1-3852969630 https://www.cqc.org.uk/location/1-3852969630,07581415029,DA18 4AL,Lead,
Bondcare (London) Limited,Beechcare Incorporating the Peter Gidney Neurological Centre,Nursing Home,Yes,1-8612468649 https://www.cqc.org.uk/location/1-8612468649,01625417800,DA2 7QT,Lead,
Kentwood House Ltd,Kentwood House,Nursing Home,Yes,1-140506240 https://www.cqc.org.uk/location/1-140506240,01322279771,DA2 7QT,Lead,
Priory Mews Healthcare Limited,Priory Mews Care Home,Nursing Home,Yes,1-13366549077 https://www.cqc.org.uk/location/1-13366549077,03333214715,DA2 6EG,Lead,
Bupa Care Homes (CFChomes) Limited,Wilmington Manor Care Home,Nursing Home,Yes,1-130120840 https://www.cqc.org.uk/location/1-130120840,01322288746,DA2 7BA,Lead,
Woodford House Healthcare Limited,Woodford House,Nursing Home,Yes,1-13368594231 https://www.cqc.org.uk/location/1-13368594231,01322401030,DA2 6EG,Lead,
Nellsar Limited,Sonya Lodge Dementia Residential Care Home,Residential Care,Yes,1-122186194 https://www.cqc.org.uk/location/1-122186194,01322289768,DA2 7EG,Lead,
Atman Care LTD,Woodside Care Home,Residential Care,Yes,1-27098733870 https://www.cqc.org.uk/location/1-27098733870,07732686770,DA2 8AB,Lead,
Abitol Services Limited,Abitol Services Limited,Domiciliary Care,Yes,1-19377067427 https://www.cqc.org.uk/location/1-19377067427,,DA2 6QD,Lead,
Ceaseless Care Limited,Ceaseless Care Limited,Domiciliary Care,Yes,1-17583291130 https://www.cqc.org.uk/location/1-17583291130,02082281112,DA2 6QD,Lead,
Decimal Healthcare Services Limited,Decimal Healthcare Services - Main Office,Domiciliary Care,Yes,1-15070047172 https://www.cqc.org.uk/location/1-15070047172,03335779094,DA2 6HH,Lead,
Enspíra Ltd,Enspíra Ltd,Domiciliary Care,Yes,1-12673575419 https://www.cqc.org.uk/location/1-12673575419,07815602803,DA2 7WQ,Lead,
Eunison Care Ltd,Eunison Care Ltd Office,Domiciliary Care,Yes,1-19060296768 https://www.cqc.org.uk/location/1-19060296768,02038266178,DA2 6QD,Lead,
Everlasting Arms3327 Care Pvt Ltd,Everlasting Arms3327 Care Pvt Ltd,Domiciliary Care,Yes,1-6725678743 https://www.cqc.org.uk/location/1-6725678743,01322322033,DA2 6QD,Lead,
Fam Daily Care Ltd,Fam Daily Care Ltd,Domiciliary Care,Yes,1-5559102802 https://www.cqc.org.uk/location/1-5559102802,,DA2 6QD,Lead,
Gem Quality Care Ltd,Gem Quality Care Ltd,Domiciliary Care,Yes,1-28605456185 https://www.cqc.org.uk/location/1-28605456185,07931303849,DA2 6QD,Lead,
Harlon Healthcare Limited,Harlon Healthcare Limited,Domiciliary Care,Yes,1-14594650853 https://www.cqc.org.uk/location/1-14594650853,01322632652,DA2 6PA,Lead,
Haven247 Healthcare Limited,Haven247 Healthcare Limited,Domiciliary Care,Yes,1-5617750075 https://www.cqc.org.uk/location/1-5617750075,07810597041,DA2 6BH,Lead,
The Intrinsic Care Group Limited,Intrinsic Care- Dartford,Domiciliary Care,Yes,1-13401759424 https://www.cqc.org.uk/location/1-13401759424,01634931226,DA2 6QD,Lead,
Kent Carers Limited,Kent Carers Limited - Head Office,Domiciliary Care,Yes,1-433554121 https://www.cqc.org.uk/location/1-433554121,01322277944,DA2 7SL,Lead,
MCK Support Limited,MCK Support,Domiciliary Care,Yes,1-28957070711 https://www.cqc.org.uk/location/1-28957070711,01322643291,DA2 6QD,Lead,
Maplewood Independent Living Limited,Maplewood Independent Living Limited,Domiciliary Care,Yes,1-22097601271 https://www.cqc.org.uk/location/1-22097601271,01322470903,DA2 6QD,Lead,
Mission Health UK Limited,Mission Health UK Limited,Domiciliary Care,Yes,1-16531343828 https://www.cqc.org.uk/location/1-16531343828,0778267809,DA2 6QD,Lead,
Ola Prestige Care Services Ltd,Ola Prestige Care Services-Dartford.,Domiciliary Care,Yes,1-23500761535 https://www.cqc.org.uk/location/1-23500761535,,DA2 6QD,Lead,
Optionone Services UK Ltd,OptionOne Services UK LTD,Domiciliary Care,Yes,1-19897154265 https://www.cqc.org.uk/location/1-19897154265,079930751456,DA2 6QD,Lead,
RCB Homecare Group Limited,RCB Homecare Limited,Domiciliary Care,Yes,1-23889884797 https://www.cqc.org.uk/location/1-23889884797,01322935250,DA2 6EG,Lead,
Serene Touch Care Services Ltd,Serene Touch Care Services Ltd,Domiciliary Care,Yes,1-28603229775 https://www.cqc.org.uk/location/1-28603229775,02080900345,DA2 6QD,Lead,
Shabanie Socio-Healthcare Services Limited,Shabanie Socio-Healthcare Services Limited Head Office,Domiciliary Care,Yes,1-17926392343 https://www.cqc.org.uk/location/1-17926392343,,DA2 6QD,Lead,
Stellar Care Support Limited,Stellar Care Support Limited,Domiciliary Care,Yes,1-19611741152 https://www.cqc.org.uk/location/1-19611741152,,DA2 6QD,Lead,
Dartford Community Care Limited,SureCare Dartford & Gravesend,Domiciliary Care,Yes,1-20399982687 https://www.cqc.org.uk/location/1-20399982687,01322912347,DA2 6HH,Lead,
Triple Hearts Care Ltd,Triple Hearts Care Ltd,Domiciliary Care,Yes,1-19068312408 https://www.cqc.org.uk/location/1-19068312408,07852515784,DA2 6QD,Lead,
Zander Mackenzie Care U.K. Limited,Zander Mackenzie Care U.K. Limited,Domiciliary Care,Yes,1-10757577665 https://www.cqc.org.uk/location/1-10757577665,,DA2 6EF,Lead,
Liaise (London) Limited,Knoll House,Supported Living,Yes,1-21274478070 https://www.cqc.org.uk/location/1-21274478070,01322600520,DA2 7DE,Lead,
Serenity Supported Living Ltd,Serenity Supported Living,Supported Living,Yes,1-9580586855 https://www.cqc.org.uk/location/1-9580586855,,DA2 6QD,Lead,
Smartmove Homes Limited,Hazelwood Care Home,Nursing Home,Yes,1-112056211 https://www.cqc.org.uk/location/1-112056211,01474573800,DA3 7PW,Lead,
Russell Court Limited,Russell Court Nursing Home,Nursing Home,Yes,1-115959002 https://www.cqc.org.uk/location/1-115959002,01474708151,DA3 7RY,Lead,
Nellsar Limited,The Old Downs Care Centre,Nursing Home,Yes,1-122186071 https://www.cqc.org.uk/location/1-122186071,01474702146,DA3 7BH,Lead,
Bramblings (Kent) Limited,Bramblings Residential Home,Residential Care,Yes,1-142433590 https://www.cqc.org.uk/location/1-142433590,01474702332,DA3 7PE,Lead,
Mrs G L Reeve & Miss D M Reeve,Fairby Grange,Residential Care,Yes,1-2174257428 https://www.cqc.org.uk/location/1-2174257428,01474702223,DA3 8ER,Lead,
Bellus Care Limited,Bellus Care and Support,Domiciliary Care,Yes,1-12554095952 https://www.cqc.org.uk/location/1-12554095952,03302236294,DA3 7PJ,Lead,
Lifeline Health Limited,Community Lifeline,Domiciliary Care,Yes,1-125644806 https://www.cqc.org.uk/location/1-125644806,01474709000,DA3 7QA,Lead,
Longfield Integrated Care Centre Limited,Longfield Integrated Care Centre,Domiciliary Care,Yes,1-10984191735 https://www.cqc.org.uk/location/1-10984191735,01474705237,DA3 7PJ,Lead,
Bupa Care Homes (CFChomes) Limited,Broad Oak Manor Care Home,Nursing Home,Yes,1-130120218 https://www.cqc.org.uk/location/1-130120218,01322223591,DA4 9HF,Lead,
Bupa Care Homes (CFChomes) Limited,Eglantine Villa Care Home,Nursing Home,Yes,1-130120335 https://www.cqc.org.uk/location/1-130120335,01322862126,DA4 9JL,Lead,
Assured Living Care Limited,Visiting Angels North West Kent,Domiciliary Care,Yes,1-15119325865 https://www.cqc.org.uk/location/1-15119325865,07957165444,DA4 9LW,Lead,
Eden Ivy Care Limited,Eden Ivy Care Ltd,Domiciliary Care,Yes,1-8573486494 https://www.cqc.org.uk/location/1-8573486494,01322949494,DA5 1AH,Lead,
MF Care and Housing Recruitment Limited,MF Care and Housing,Domiciliary Care,Yes,1-13056911845 https://www.cqc.org.uk/location/1-13056911845,07828189646,DA5 3EP,Lead,
SR Care Point Ltd,SR-Care Point Administration Office,Domiciliary Care,Yes,1-18442540689 https://www.cqc.org.uk/location/1-18442540689,02081677027,DA5 1LW,Lead,
Bexley Independent Living Services Limited,Mountview,Residential Care,Yes,1-193883049 https://www.cqc.org.uk/location/1-193883049,02046190696,DA6 8LX,Lead,
Advance Housing and Support Ltd,"Advance Bexley, Kent and East London Domicilary Care and Supported Living Services",Domiciliary Care,Yes,1-14615371544 https://www.cqc.org.uk/location/1-14615371544,,DA6 8NW,Lead,
Bexley Homecare Services Ltd,Bexley Home Care,Domiciliary Care,Yes,1-392090954 https://www.cqc.org.uk/location/1-392090954,02083033330,DA6 8LX,Lead,
Impact Project Solutions Ltd,Impact Project Solutions Ltd,Domiciliary Care,Yes,1-11355584755 https://www.cqc.org.uk/location/1-11355584755,,DA6 7EZ,Lead,
J.C.Michael Groups Ltd,J.C Michael Groups Ltd Bexley,Domiciliary Care,Yes,1-1325018551 https://www.cqc.org.uk/location/1-1325018551,,DA6 7ER,Lead,
Avery Homes (Nelson) Limited,Adelaide Care Home,Nursing Home,Yes,1-1770310385 https://www.cqc.org.uk/location/1-1770310385,02083043303,DA7 4BE,Lead,
Ventas Opco UK Limited,Maples Care Home,Nursing Home,Yes,1-21533595136 https://www.cqc.org.uk/location/1-21533595136,02082986720,DA7 4EU,Lead,
Maples Care Home (Bexleyheath) Limited,Maples Care Home,Nursing Home,Yes,1-859090666 https://www.cqc.org.uk/location/1-859090666,02082986720,DA7 4EU,Lead,
Queensgate Healthcare Limited,Groveland Park Care Home,Residential Care,Yes,1-636523352 https://www.cqc.org.uk/location/1-636523352,01322523090,DA7 6EF,Lead,
Avante Care and Support Limited,Parkview,Residential Care,Yes,1-128278780 https://www.cqc.org.uk/location/1-128278780,02083037889,DA7 4LP,Lead,
Adele Care Services Limited,Adele Care Services Limited,Domiciliary Care,Yes,1-9895642335 https://www.cqc.org.uk/location/1-9895642335,07884956206,DA7 5PB,Lead,
Avante Care and Support Limited,Avante Home Care and Support Service,Domiciliary Care,Yes,1-21731135182 https://www.cqc.org.uk/location/1-21731135182,01795597454,DA7 4LP,Lead,
Capital Healthcare Management Services Limited,Capital Healthcare Management,Domiciliary Care,Yes,1-3587214780 https://www.cqc.org.uk/location/1-3587214780,02080627660,DA7 4BT,Lead,
Global House Facilities (UK) Ltd,Global House Facilities (UK) Ltd,Domiciliary Care,Yes,1-9895642283 https://www.cqc.org.uk/location/1-9895642283,01322331617,DA7 6ST,Lead,
Holistic Care U K Ltd,Holistic Care UK,Domiciliary Care,Yes,1-297017250 https://www.cqc.org.uk/location/1-297017250,03337722014,DA7 4HD,Lead,
RJM Care Services Ltd,Joycecare,Domiciliary Care,Yes,1-5409646441 https://www.cqc.org.uk/location/1-5409646441,07949021574,DA7 4AL,Lead,
Care Essence Support Ltd,Linarome Ltd - Regina's Place,Domiciliary Care,Yes,1-15912410686 https://www.cqc.org.uk/location/1-15912410686,,DA7 4DU,Lead,
Prestigious Care Services Limited,Prestigious Care Services - Main Office,Domiciliary Care,Yes,1-19328907509 https://www.cqc.org.uk/location/1-19328907509,02030265807,DA7 4HT,Lead,
Sinai Healthcare Ltd,Sinai Healthcare Ltd,Domiciliary Care,Yes,1-25326714275 https://www.cqc.org.uk/location/1-25326714275,07472504399,DA7 6AX,Lead,
Springlite Resources Ltd,Springlite Resources Ltd,Domiciliary Care,Yes,1-27203295405 https://www.cqc.org.uk/location/1-27203295405,07481734972,DA7 6HJ,Lead,
North Heath Care Home Ltd,Heathfield Court Care Home,Nursing Home,Yes,1-2929807045 https://www.cqc.org.uk/location/1-2929807045,02088796550,DA8 3PB,Lead,
Nellsar Limited,Meyer House Nursing and Residential Care Home,Nursing Home,Yes,1-122186165 https://www.cqc.org.uk/location/1-122186165,01322338329,DA8 3SJ,Lead,
Agincare Enable Limited,101 Brook Street,Residential Care,Yes,1-25565900834 https://www.cqc.org.uk/location/1-25565900834,01305825500,DA8 1JJ,Lead,
Liaise (London) Limited,Oakdene House,Residential Care,Yes,1-1934322991 https://www.cqc.org.uk/location/1-1934322991,01322600513,DA8 1EJ,Lead,
Peace Manor Residential Care Limited,Peace Manor Residential Care Ltd - Pembroke Road Unit - Erith,Residential Care,Yes,1-698445153 https://www.cqc.org.uk/location/1-698445153,,DA8 1BN,Lead,
Sanctuary Care Limited,Shaftesbury Court Residential Care Home,Residential Care,Yes,1-135968445 https://www.cqc.org.uk/location/1-135968445,01322331985,DA8 3QP,Lead,
Fatrok Care Services Ltd,30 Aperfield Road,Domiciliary Care,Yes,1-6373250946 https://www.cqc.org.uk/location/1-6373250946,01322342721,DA8 2BD,Lead,
Amazin Care Limited,Amazin Care Operations Office,Domiciliary Care,Yes,1-3020622760 https://www.cqc.org.uk/location/1-3020622760,07482265216,DA8 2LQ,Lead,
Buneto Healthcare Ltd,Buneto Healthcare Ltd,Domiciliary Care,Yes,1-24221129472 https://www.cqc.org.uk/location/1-24221129472,07951998207,DA8 3FP,Lead,
Carers 4 U Ltd,Carers 4 U Ltd,Domiciliary Care,Yes,1-1644344236 https://www.cqc.org.uk/location/1-1644344236,01322439777,DA8 1QX,Lead,
Bexley Crossroads Care Limited,Crossroads Care South East London,Domiciliary Care,Yes,1-137211919 https://www.cqc.org.uk/location/1-137211919,01322336086,DA8 1TA,Lead,
DOLS Care Service Ltd,DOLS Care Service,Domiciliary Care,Yes,1-18828606264 https://www.cqc.org.uk/location/1-18828606264,07453319909,DA8 2HN,Lead,
Dartford Home Care Ltd,Home Instead,Domiciliary Care,Yes,1-7654027864 https://www.cqc.org.uk/location/1-7654027864,01322923750,DA8 1AT,Lead,
Kaytrix Care Services and Training Ltd,Kaytrix Care Services and Training Ltd,Domiciliary Care,Yes,1-17593923569 https://www.cqc.org.uk/location/1-17593923569,02034880080,DA8 1RB,Lead,
M&M Classic Care Ltd,M&M Classic Care,Domiciliary Care,Yes,1-25142626310 https://www.cqc.org.uk/location/1-25142626310,07984579056,DA8 2NA,Lead,
Nayom Care Agency Limited,Nayom Care Agency Limited,Domiciliary Care,Yes,1-13420856541 https://www.cqc.org.uk/location/1-13420856541,07961322921,DA8 1AB,Lead,
Providence Centered Care Ltd,Providence Centered Care Ltd,Domiciliary Care,Yes,1-22152147187 https://www.cqc.org.uk/location/1-22152147187,07498479141,DA8 1QL,Lead,
St Paul Care Support Limited,ST PAUL CARE SUPPORT LTD,Domiciliary Care,Yes,1-12156417719 https://www.cqc.org.uk/location/1-12156417719,02039166192,DA8 2HJ,Lead,
TrinityX Care Services Ltd,TrinityX Care Services Ltd (Howbury Lane),Domiciliary Care,Yes,1-6448978208 https://www.cqc.org.uk/location/1-6448978208,07947592923,DA8 2DR,Lead,
Springland Care Ltd,Springland Care,Supported Living,Yes,1-9049155600 https://www.cqc.org.uk/location/1-9049155600,,DA8 3PS,Lead,
Belmont Healthcare (Haslington) Ltd,Haslington Lodge Care Home,Residential Care,Yes,1-6197329350 https://www.cqc.org.uk/location/1-6197329350,01322383229,DA9 9JB,Lead,
Charing Court Investments Limited,Rosewood Residential Care Home,Residential Care,Yes,1-145210881 https://www.cqc.org.uk/location/1-145210881,01322385880,DA9 9JB,Lead,
FitzRoy Support,Turnbull Close,Residential Care,Yes,1-6302998950 https://www.cqc.org.uk/location/1-6302998950,01322381568,DA9 9EB,Lead,
Conscience Care Limited,Conscience Care Limited,Domiciliary Care,Yes,1-9560836695 https://www.cqc.org.uk/location/1-9560836695,01322314741,DA9 9TU,Lead,
MEDPLUS Care Solutions Limited,MEDPLUS Care,Domiciliary Care,Yes,1-22729605285 https://www.cqc.org.uk/location/1-22729605285,07846578397,DA9 9DD,Lead,
Tonbridge Care Ltd,Chestnut Lodge Care Home,Residential Care,Yes,1-1930686993 https://www.cqc.org.uk/location/1-1930686993,01732362440,TN10 3DA,Lead,
GCB Consulting Limited,Butler Healthcare Support,Domiciliary Care,Yes,1-23541024700 https://www.cqc.org.uk/location/1-23541024700,,TN10 4NZ,Lead,
Consultus Care and Nursing Ltd,Consultus Care And Nursing Ltd,Domiciliary Care,Yes,1-120788654 https://www.cqc.org.uk/location/1-120788654,01732355231,TN10 3AB,Lead,
Acclaimed Care,Head Office,Domiciliary Care,Yes,1-6782068172 https://www.cqc.org.uk/location/1-6782068172,07725179645,TN10 3LR,Lead,
Scotts Project Trust,The Oaks and Willows,Supported Living,Yes,1-451908758 https://www.cqc.org.uk/location/1-451908758,01732359113,TN10 3RR,Lead,
Avante Care and Support Limited,Barnes Lodge,Nursing Home,Yes,1-18068836770 https://www.cqc.org.uk/location/1-18068836770,01634729130,TN11 0QJ,Lead,
Oakland Opco B Limited,Hyllden Heights Care Home,Nursing Home,Yes,1-15323218420 https://www.cqc.org.uk/location/1-15323218420,01732443030,TN11 9HJ,Lead,
Scotts Project Trust,St Peters Row Delarue Close,Residential Care,Yes,1-108764096 https://www.cqc.org.uk/location/1-108764096,01732771593,TN11 9NN,Lead,
Care Advisory & Respite Experts Ltd,Care Advisory & Respite Experts Ltd,Domiciliary Care,Yes,1-14787112902 https://www.cqc.org.uk/location/1-14787112902,01732914098,TN11 8RQ,Lead,
Enabling Care For You Limited,Enabling Care for You Limited Head Office,Domiciliary Care,Yes,1-3020182099 https://www.cqc.org.uk/location/1-3020182099,01732240794,TN11 0LT,Lead,
Avenues South East,Avenues West Kent,Supported Living,Yes,1-25832686590 https://www.cqc.org.uk/location/1-25832686590,01732833879,TN11 9LT,Lead,
Brookhaven Care Limited,Brookhaven Care,Supported Living,Yes,1-22054466305 https://www.cqc.org.uk/location/1-22054466305,,TN11 9BP,Lead,
Nellsar Limited,Abbotsleigh Dementia Nursing and Residential Care Home,Nursing Home,Yes,1-122186150 https://www.cqc.org.uk/location/1-122186150,01580891314,TN12 0RB,Lead,
Hoama (Staplehurst) Ltd,Iden Manor Nursing Home,Nursing Home,Yes,1-12680192415 https://www.cqc.org.uk/location/1-12680192415,01580891261,TN12 0ER,Lead,
Bupa Care Homes (BNH) Limited,Staplehurst Manor Care Home,Nursing Home,Yes,1-126434515 https://www.cqc.org.uk/location/1-126434515,01580891251,TN12 0DG,Lead,
Kent County Council,1 & 2 Hedgerows,Residential Care,Yes,1-143332621 https://www.cqc.org.uk/location/1-143332621,03000422633,TN12 0QQ,Lead,
Safequarter South Limited,Capel Grange Residential Home,Residential Care,Yes,1-2612045915 https://www.cqc.org.uk/location/1-2612045915,01892834225,TN12 6SQ,Lead,
Elysium Care Partnerships No 2 Limited,Gresham House,Residential Care,Yes,1-297050593 https://www.cqc.org.uk/location/1-297050593,01580895150,TN12 0PZ,Lead,
Hale Place Care Homes Limited,Hale Place Farmhouse,Residential Care,Yes,1-128976339 https://www.cqc.org.uk/location/1-128976339,01622871081,TN12 5EN,Lead,
Leonard Cheshire Disability,Sobell Lodge - Care Home Physical Disabilities,Residential Care,Yes,1-120087378 https://www.cqc.org.uk/location/1-120087378,01580893729,TN12 0BJ,Lead,
Hilton Nursing Partners Limited,Hilton Nursing Partners Limited,Domiciliary Care,Yes,1-3937347863 https://www.cqc.org.uk/location/1-3937347863,01233321110,TN12 9QJ,Lead,
LOD Care and Case Management Ltd,LOD Care and Case Management Ltd,Domiciliary Care,Yes,1-11492774691 https://www.cqc.org.uk/location/1-11492774691,07812524906,TN12 9AG,Lead,
Barchester Healthcare Homes Limited,Emily Jackson House,Nursing Home,Yes,1-125855902 https://www.cqc.org.uk/location/1-125855902,01732743824,TN13 1XH,Lead,
Care UK Care Services Limited,Kippingtons Nursing Home,Nursing Home,Yes,1-26102084986 https://www.cqc.org.uk/location/1-26102084986,01732451829,TN13 2PG,Lead,
Aria Healthcare Group LTD,Kippingtons Nursing Home,Nursing Home,Yes,1-911979811 https://www.cqc.org.uk/location/1-911979811,01732451829,TN13 2PG,Lead,
Rockdale Housing Association,Rockdale House,Nursing Home,Yes,1-119111676 https://www.cqc.org.uk/location/1-119111676,01732454763,TN13 1JT,Lead,
Care UK Community Partnerships Ltd,Weald Heights,Nursing Home,Yes,1-3284932055 https://www.cqc.org.uk/location/1-3284932055,03333218295,TN13 1PD,Lead,
Care UK Care Services Limited,Weald Heights,Nursing Home,Yes,1-19896835588 https://www.cqc.org.uk/location/1-19896835588,03333218295,TN13 1PD,Lead,
Regal Care Trading Ltd,Alpine Care Home,Residential Care,Yes,1-462802731 https://www.cqc.org.uk/location/1-462802731,01732455537,TN13 3LH,Lead,
Leonard Cheshire Disability,Chipstead Lake - Care Home Physical Disabilities,Residential Care,Yes,1-120084758 https://www.cqc.org.uk/location/1-120084758,01732459510,TN13 2SD,Lead,
Avenues South East,Highfield,Residential Care,Yes,1-1309169204 https://www.cqc.org.uk/location/1-1309169204,01732443245,TN13 1XH,Lead,
WT UK Opco 2 Limited,Rivermere Retirement and Care Home,Residential Care,Yes,1-126362857 https://www.cqc.org.uk/location/1-126362857,01732748400,TN13 2PZ,Lead,
Willowbrook Healthcare Limited,Rivermere Retirement and Care Home,Residential Care,Yes,1-3118835738 https://www.cqc.org.uk/location/1-3118835738,01732748400,TN13 2PZ,Lead,
BenJeMax Limited,Bluebird Care (Sevenoaks),Domiciliary Care,Yes,1-345046401 https://www.cqc.org.uk/location/1-345046401,01732471543,TN13 3PE,Lead,
KasaKasa Ltd,Caremore Companions,Domiciliary Care,Yes,1-18445130262 https://www.cqc.org.uk/location/1-18445130262,07721131299,TN13 3QG,Lead,
Dios-Protege Health Limited,Dios-Protege Health Limited,Domiciliary Care,Yes,1-19829027443 https://www.cqc.org.uk/location/1-19829027443,07848894074,TN13 1YH,Lead,
Pentacare Services Ltd,PentaCare (West Kent),Domiciliary Care,Yes,1-11984983358 https://www.cqc.org.uk/location/1-11984983358,01732905405,TN13 2AA,Lead,
Rockdale Housing Association,Rockdale Cares,Domiciliary Care,Yes,1-21696883133 https://www.cqc.org.uk/location/1-21696883133,01732458762,TN13 1JX,Lead,
Surrey & Kent Home Care Ltd,SureCare East Surrey & Sevenoaks,Domiciliary Care,Yes,1-19885503608 https://www.cqc.org.uk/location/1-19885503608,01732671183,TN13 2BT,Lead,
Hamberley Care 2 Limited,Nesbit House Care Home,Nursing Home,Yes,1-7312323608 https://www.cqc.org.uk/location/1-7312323608,01959581350,TN14 7AG,Lead,
Shoreham Home Care Services Limited,Home Instead,Domiciliary Care,Yes,1-3882103168 https://www.cqc.org.uk/location/1-3882103168,01959546228,TN14 7AA,Lead,
Vitality Home Health (Sevenoaks) Ltd,Vitality Home Health (Sevenoaks),Domiciliary Care,Yes,1-8817429525 https://www.cqc.org.uk/location/1-8817429525,01732755582,TN14 5PQ,Lead,
Harpwood House Limited,Harpwood House,Nursing Home,Yes,1-2222753791 https://www.cqc.org.uk/location/1-2222753791,01732494555,TN15 7RY,Lead,
Holywell Park Limited,Holywell Park,Nursing Home,Yes,1-120995115 https://www.cqc.org.uk/location/1-120995115,01732822215,TN15 7LE,Lead,
Manorville Care Homes Ltd,Manordene,Nursing Home,Yes,1-601582788 https://www.cqc.org.uk/location/1-601582788,01474855519,TN15 6JD,Lead,
Aurem Care (Westbank) Limited,Westbank Care Home,Nursing Home,Yes,1-141065466 https://www.cqc.org.uk/location/1-141065466,01732780066,TN15 8AP,Lead,
Greensleeves Homes Trust,Lavender Fields,Residential Care,Yes,1-5154676354 https://www.cqc.org.uk/location/1-5154676354,01732755630,TN15 0AE,Lead,
Callquest For Care Limited,Callquest For Care,Domiciliary Care,Yes,1-5343520067 https://www.cqc.org.uk/location/1-5343520067,08002118500,TN15 6BX,Lead,
Porthaven Care Homes No 2 Limited,Tonbridge House Care Home,Nursing Home,Yes,1-4881277267 https://www.cqc.org.uk/location/1-4881277267,08081642500,TN9 2RS,Lead,
Voyage 1 Limited,The Hadlows,Residential Care,Yes,1-1386007633 https://www.cqc.org.uk/location/1-1386007633,01732770981,TN9 1PA,Lead,
Alina Homecare Services Limited,Alina Homecare - Tonbridge & Tunbridge Wells,Domiciliary Care,Yes,1-22753093675 https://www.cqc.org.uk/location/1-22753093675,01732600222,TN9 1SP,Lead,
All About Home Care Limited,All About Home Care (Kent),Domiciliary Care,Yes,1-2038764854 https://www.cqc.org.uk/location/1-2038764854,01892575499,TN9 1EP,Lead,
Allerton C&S SE Limited,Allerton C&S SE,Domiciliary Care,Yes,1-456359874 https://www.cqc.org.uk/location/1-456359874,01732783503,TN9 1SP,Lead,
Luanelle Limited,Blossom Home Care Tunbridge Wells,Domiciliary Care,Yes,1-22164160797 https://www.cqc.org.uk/location/1-22164160797,01732783508,TN9 1EP,Lead,
Dawning Care Ltd,Dawning Care Ltd,Domiciliary Care,Yes,1-23489505122 https://www.cqc.org.uk/location/1-23489505122,07846483819,TN9 2JN,Lead,
Inspire Care Agencies Limited,Inspire Care Agencies Limited,Domiciliary Care,Yes,1-14138578592 https://www.cqc.org.uk/location/1-14138578592,,TN9 2HR,Lead,
Kindred Hearts Ltd,My Homecare West Kent,Domiciliary Care,Yes,1-5241373424 https://www.cqc.org.uk/location/1-5241373424,01732756020,TN9 2AA,Lead,
SAP Care Services Limited,SAP Care Services Limited,Domiciliary Care,Yes,1-3078396649 https://www.cqc.org.uk/location/1-3078396649,07958558397,TN9 2HR,Lead,
